movie,rating,year_released,budget,total gross,gross in USA,country,runtime,views,premiere
Побег из Шоушенка (1994),9.190,"
1994","
$25 000 000","
+ $31 500 000 = $59 841 469 сборы","
$28 341 469","
США",142 мин. / 02:22,"
  6.66 млн,      1.25 млн,      427.2 тыс., ...","

10 сентября 1994, ..."
Зеленая миля (1999),9.134,"
1999","
$60 000 000","
$136 801 374","
$30 000 000","
США",189 мин. / 03:09,"
+ $150 000 000 = $286 801 374 сборы","
  26 млн,      2.11 млн,      1.74 млн, ..."
Форрест Гамп (1994),9.013,"
1994","
$55 000 000","
+ $347 692 187 = $677 386 686 сборы","
$329 694 499","
США",142 мин. / 02:22,"
  78.5 млн,      7.62 млн,      3.96 млн, ...","

23 июня 1994, ..."
Список Шиндлера (1993),8.886,"
1993","
$22 000 000","
+ $225 200 000 = $321 265 768 сборы","
$96 065 768","
США",195 мин. / 03:15,"
  23 млн,      6.1 млн,      2.33 млн, ...","

30 ноября 1993, ..."
1+1 (2011),8.832,"
2011","
€9 500 000","
+ $416 389 690 = $426 588 510  сборы","
$10 198 820","
Франция",112 мин. / 01:52,"
$1 725 813","
  19.4 млн,      9.11 млн,      2.58 млн, ..."
Леон (1994),8.774,"
1994","
FRF 115 000 000","
  4.67 млн,      3.62 млн,      590.9 тыс., ...","
$19 501 238  сборы","
Франция",133 мин. / 02:13,"
  4.67 млн,      3.62 млн,      590.9 тыс., ...",
Начало (2010),8.773,"
2010","
$160 000 000","
+ $532 956 569 = $825 532 764  сборы","
$292 576 195","
США,  Великобритания",148 мин. / 02:28,"
$21 760 177","
  37.1 млн,      13.5 млн,      6.13 млн, ..."
Король Лев (1994),8.757,"
1994","
$45 000 000","
+ $564 700 000 = $987 483 777  сборы","
$422 783 777","
США",88 мин. / 01:28,"
$6 622 892","
  89.1 млн,      11.3 млн,      10.1 млн, ..."
Бойцовский клуб (1999),8.712,"
1999","
$63 000 000","
+ $63 823 651 = $100 853 753 сборы","
$37 030 102","
США,  Германия",139 мин. / 02:19,"
$313 471","
  7.3 млн,      1.37 млн,      1.04 млн, ..."
Иван Васильевич меняет профессию (1973),8.708,"
1973","
  60.7 млн","

17 сентября 1973, ...","
  60.7 млн","
СССР",88 мин. / 01:28,,
Жизнь прекрасна (1997),8.673,"
1997","
$20 000 000","
+ $171 600 000 = $229 163 264 сборы","
$57 563 264","
Италия",116 мин. / 01:56,"
                        $230 000","
  11.5 млн,      5.73 млн,      4.37 млн, ..."
Достучаться до небес (1997),8.645,"
1997","
DEM 4 300 000","
  3.15 млн,      112.8 тыс.,      90 тыс., ...","
$5 710  сборы","
Германия",87 мин. / 01:27,"
  3.15 млн,      112.8 тыс.,      90 тыс., ...",
Крестный отец (1972),8.634,"
1972","
$6 000 000","
+ $110 100 000 = $245 066 411 сборы","
$134 966 411","
США",175 мин. / 02:55,"
  78.9 млн,      21.8 млн,      11 млн, ...","

14 марта 1972, ..."
Криминальное чтиво (1994),8.628,"
1994","
$8 000 000","
+ $106 000 000 = $213 928 762 сборы","
$107 928 762","
США",154 мин. / 02:34,"
$83 843","
  25.4 млн,      2.86 млн,      2.16 млн, ..."
Операция «Ы» и другие приключения Шурика (1965),8.620,"
1965","
  69.6 млн","

23 июля 1965, ...","
  69.6 млн","
СССР",95 мин. / 01:35,,
Престиж (2006),8.619,"
2006","
$40 000 000","
+ $56 586 420 = $109 676 311  сборы","
$53 089 891","
США,  Великобритания",125 мин. / 02:05,"
$1 965 984","
  8.02 млн,      712.8 тыс.,      678.6 тыс., ..."
Игры разума (2001),8.618,"
2001","
$58 000 000","
$170 742 341","
$30 000 000","
США",135 мин. / 02:15,"
+ $142 800 000 = $313 542 341 сборы","
  30.2 млн,      3.18 млн,      2.65 млн, ..."
Гладиатор (2000),8.585,"
2000","
$103 000 000","
$187 705 427","
$42 700 000","
США,  Великобритания,  Мальта,  Марокко",155 мин. / 02:35,"
+ $269 935 000 = $457 640 427 сборы","
  34.8 млн,      7.08 млн,      4.95 млн, ..."
Интерстеллар (2014),8.584,"
2014","
$165 000 000","
+ $487 100 000 = $675 120 017  сборы","
$188 020 017","
США,  Великобритания,  Канада",169 мин. / 02:49,"
$26 192 066","
  5.11 млн,      1.6 млн,      423.2 тыс., ..."
Властелин колец: Возвращение Короля (2003),8.583,"
2003","
$94 000 000","
$377 027 325","
$50 000 000","
Новая Зеландия,  США",201 мин. / 03:21,"
+ $742 083 616 = $1 119 110 941  сборы","
  61.9 млн,      12.2 млн,      10.4 млн, ..."
Назад в будущее (1985),8.573,"
1985","
$19 000 000","
+ $170 500 000 = $381 109 762 сборы","
$210 609 762","
США",116 мин. / 01:56,"
  59.1 млн,      4.99 млн,      3.46 млн, ...","

3 июля 1985, ..."
"Карты, деньги, два ствола (1998)",8.554,"
1998","
£960 000","
  2.95 млн,      767.2 тыс.,      155.2 тыс., ...","
$3 753 929  сборы","
Великобритания",107 мин. / 01:47,"
  2.95 млн,      767.2 тыс.,      155.2 тыс., ...",
Бриллиантовая рука (1968),8.527,"
1968","
  76.7 млн","

28 апреля 1969, ...","
  76.7 млн","
СССР",94 мин. / 01:34,,
Матрица (1999),8.525,"
1999","
$63 000 000","
$171 479 930","
$30 000 000","
США",136 мин. / 02:16,"
+ $292 037 453 = $463 517 383 сборы","
  33.8 млн,      5.3 млн,      4.71 млн, ..."
Отступники (2006),8.512,"
2006","
$90 000 000","
+ $157 463 039 = $289 847 354  сборы","
$132 384 315","
США,  Гонконг",151 мин. / 02:31,"
                        $2 005 000","
  20.1 млн,      2.62 млн,      1.86 млн, ..."
"Поймай меня, если сможешь (2002)",8.511,"
2002","
$52 000 000","
$164 615 351","
$35 000 000","
США,  Канада",141 мин. / 02:21,"
+ $187 498 961 = $352 114 312 сборы","
  27.9 млн,      3.57 млн,      3.2 млн, ..."
Пианист (2002),8.510,"
2002","
$35 000 000","
$32 572 577","
$10 000 000","
Польша,  Франция,  Великобритания,  Германия",149 мин. / 02:29,"
+ $87 500 000 = $120 072 577 сборы","
  5.23 млн,      1.74 млн,      1.61 млн, ..."
В бой идут одни «старики» (1973),8.502,"
1973","
                        $500 000","
  44.3 млн","
  44.3 млн","
СССР",87 мин. / 01:27,"

12 августа 1974, ...","


                        19 февраля 2009,
                        «Мьюзик-Трейд»"
Властелин колец: Братство кольца (2001),8.500,"
2001","
$93 000 000","
$315 544 750","
$50 000 000","
США,  Новая Зеландия",178 мин. / 02:58,"
+ $555 985 574 = $871 530 324 сборы","
  54.6 млн,      14.7 млн,      11 млн, ..."
ВАЛЛ·И (2008),8.499,"
2008","
$180 000 000","
+ $297 460 073 = $521 268 237  сборы","
$223 808 164","
США",98 мин. / 01:38,"
$11 697 500","
  31.2 млн,      4.42 млн,      3.23 млн, ..."
Тайна Коко (2017),8.495,"
2017","
$209 726 015","
$9 788 410","
+ $597 356 181 = $807 082 196  сборы","
США",105 мин. / 01:45,"
  2.46 млн","

20 октября 2017, ..."
Большой куш (2000),8.494,"
2000","
$10 000 000","
+ $53 229 716 = $83 557 872 сборы","
$30 328 156","
Великобритания,  США",104 мин. / 01:44,"
  5.6 млн,      2.83 млн,      575.7 тыс., ...","

23 августа 2000, ..."
Властелин колец: Две крепости (2002),8.489,"
2002","
$94 000 000","
$341 786 758","
$45 000 000","
Новая Зеландия,  США",179 мин. / 02:59,"
+ $583 495 746 = $925 282 504 сборы","
  57.6 млн,      12.3 млн,      10 млн, ..."
Американская история X (1998),8.487,"
1998","
$20 000 000","
+ $17 155 263 = $23 875 127 сборы","
$6 719 864","
США",119 мин. / 01:59,"
  1.29 млн,      600.9 тыс.,      336.9 тыс., ...","

30 октября 1998, ..."
Джентльмены удачи (1971),8.484,"
1971","
  65 млн","

13 декабря 1971, ...","
  65 млн","
СССР",84 мин. / 01:24,,
Пираты Карибского моря: Проклятие Черной жемчужины (2003),8.472,"
2003","
$140 000 000","
$305 413 918","
$40 000 000","
США",143 мин. / 02:23,"
+ $348 850 097 = $654 264 015  сборы","
  50.6 млн,      6.16 млн,      5.9 млн, ..."
Остров проклятых (2009),8.470,"
2009","
$80 000 000","
+ $166 791 261 = $294 804 195  сборы","
$128 012 934","
США",138 мин. / 02:18,"
$5 430 049","
  16.2 млн,      3.11 млн,      1.84 млн, ..."
Пролетая над гнездом кукушки (1975),8.467,"
1975","
$3 000 000","
  53.7 млн,      9.65 млн,      6.43 млн, ...","
$108 981 275 сборы","
США",133 мин. / 02:13,"
  53.7 млн,      9.65 млн,      6.43 млн, ...",
Темный рыцарь (2008),8.466,"
2008","
$185 000 000","
+ $469 700 000 = $1 004 558 444  сборы","
$534 858 444","
США,  Великобритания",152 мин. / 02:32,"
$8 589 100","
  74.3 млн,      9.47 млн,      4.13 млн, ..."
Титаник (1997),8.463,"
1997","
$200 000 000","
$658 672 302","
$40 000 000","
США",194 мин. / 03:14,"
+ $1 526 700 000 = $2 185 372 302  сборы","
  135.4 млн,      39.8 млн,      21.7 млн, ..."
12 разгневанных мужчин (1956),8.451,"
1956","
                        $340 000",,"

10 апреля 1957, ...","
США",96 мин. / 01:36,,
Запах женщины (1992),8.443,"
1992","
$31 000 000","
+ $71 000 000 = $134 095 253 сборы","
$63 095 253","
США",156 мин. / 02:36,"
  15.2 млн,      1.5 млн,      941.7 тыс., ...","

23 декабря 1992, ..."
Пробуждение (1990),8.440,"
1990","
$52 096 475  сборы","
  12.4 млн,      1.13 млн,      894.3 тыс., ...","
  12.4 млн,      1.13 млн,      894.3 тыс., ...","
США",121 мин. / 02:01,"

12 декабря 1990, ...","


                        23 августа 2007,
                        «Columbia/Sony»"
В джазе только девушки (1959),8.439,"
1959","
$2 883 848","
  49 млн,      43.9 млн,      4.01 млн","
$25 000 000 сборы","
США",119 мин. / 01:59,"
  49 млн,      43.9 млн,      4.01 млн",
Хатико: Самый верный друг (2008),8.435,"
2008","
                        $16 000 000","
$2 046 840  сборы","
                        $46 184 345                         сборы","
Великобритания,  США",89 мин. / 01:29,"
  858.4 тыс.,      720 тыс.,      387 тыс., ...","

13 июня 2009, ..."
Огни большого города (1931),8.426,"
1931","
$1 500 000","

30 января 1931, ...","
$19 181  сборы","
США",87 мин. / 01:27,,
Унесённые призраками (2001),8.425,"
2001","
$19 000 000","
+ $309 574 236 = $319 630 095 сборы","
$10 055 859","
Япония",125 мин. / 02:05,"
  23.5 млн,      1.69 млн,      1.42 млн, ...","

20 июля 2001, ..."
...А зори здесь тихие (1972),8.423,"
1972","
  66 млн","

27 августа 1972, ...","
  66 млн","
СССР",160 мин. / 02:40,,
Эта замечательная жизнь (1947),8.422,"
1947","
                        $3 180 000","

20 декабря 1946, ...",$19 119 577,"
США",130 мин. / 02:10,,
"Кавказская пленница, или Новые приключения Шурика (1966)",8.421,"
1966","
                        25 313 руб.","
  76.5 млн","
  76.5 млн","
СССР",82 мин. / 01:22,"

1 апреля 1967, ...","


                        16 сентября 2008,
                        «Lizard Cinema Trade»"
"Хороший, плохой, злой (1966)",8.420,"
1966","
$1 200 000","
  6.31 млн","
$25 100 000 сборы","
Италия,  Испания,  Германия (ФРГ)",178 мин. / 02:58,"
  6.31 млн",
Хористы (2004),8.417,"
2004","
€5 500 000","
+ $79 945 006 = $83 580 170 сборы","
$3 635 164","
Франция,  Швейцария,  Германия",95 мин. / 01:35,"
                        $50 500","
  8.59 млн,      1.53 млн,      1.05 млн, ..."
Приключения Шерлока Холмса и доктора Ватсона: Собака Баскервилей (1981),8.415,"
1981","

25 июля 1981","


                        9 февраля 2010,
                        «Lizard Cinema Trade»",,"
СССР",154 мин. / 02:34,,
Семь (1995),8.410,"
1995","
$33 000 000","
+ $227 186 216 = $327 311 859 сборы","
$100 125 643","
США",127 мин. / 02:07,"
  23 млн,      5.5 млн,      4.94 млн, ...","

15 сентября 1995, ..."
Молчание ягнят (1990),8.408,"
1990","
$19 000 000","
+ $142 000 000 = $272 742 922 сборы","
$130 742 922","
США",114 мин. / 01:54,"
  31.1 млн,      3.97 млн,      3.72 млн, ...","

30 января 1991, ..."
Как приручить дракона (2010),8.406,"
2010","
$165 000 000","
+ $277 297 528 = $494 878 759  сборы","
$217 581 231","
США",98 мин. / 01:38,"
$23 485 237","
  27.6 млн,      3.35 млн,      2.95 млн, ..."
Шоу Трумана (1998),8.405,"
1998","
$60 000 000","
+ $138 500 000 = $264 118 201 сборы","
$125 618 201","
США",103 мин. / 01:43,"
  26.8 млн,      2.87 млн,      2.54 млн, ...","

1 июня 1998, ..."
Джанго освобожденный (2012),8.401,"
2012","
$100 000 000","
+ $262 177 965 = $424 983 399  сборы","
$162 805 434","
США",165 мин. / 02:45,"
$15 990 907","
  4.45 млн,      4.3 млн,      1.99 млн, ..."
Терминатор 2: Судный день (1991),8.400,"
1991","
$102 000 000","
+ $315 000 000 = $519 843 345 сборы","
$204 843 345","
США",137 мин. / 02:17,"
$705 164","
  48.7 млн,      6.12 млн,      4.65 млн, ..."
Крестный отец 2 (1974),8.396,"
1974","
$13 000 000","
+ $45 300 000 = $102 600 000 сборы","
$57 300 000","
США",202 мин. / 03:22,"
  29.4 млн,      1.5 млн,      1.33 млн, ...","

12 декабря 1974, ..."
Собачье сердце (1988),8.380,"
1988","

19 ноября 1988, ...","


                        11 января 2011,
                        «Парадиз»",,"
СССР",136 мин. / 02:16,,
Нокдаун (2005),8.379,"
2005","
$88 000 000","
+ $46 890 000 = $108 539 911  сборы","
$61 649 911","
США",144 мин. / 02:24,"
                        $605 000","
  9.62 млн,      630 тыс.,      490.3 тыс., ..."
Игра (1997),8.377,"
1997","
$50 000 000","
+ $61 100 000 = $109 423 648 сборы","
$48 323 648","
США",129 мин. / 02:09,"
  10.5 млн,      1.43 млн,      1.2 млн, ...","

3 сентября 1997, ..."
Храброе сердце (1995),8.370,"
1995","
$72 000 000","
+ $134 800 000 = $210 409 945 сборы","
$75 609 945","
США,  Ирландия",178 мин. / 02:58,"
  17.4 млн,      2.27 млн,      2.17 млн, ...","

18 мая 1995, ..."
Шерлок Холмс и доктор Ватсон: Знакомство (1980),8.362,"
1980","

22 марта 1980","


                        2 февраля 2010,
                        «Lizard Cinema Trade»",,"
СССР",68 мин. / 01:08,,
Москва слезам не верит (1979),8.357,"
1979","
$900 000","
  84.4 млн,      200 тыс.","
$2 500 000 сборы","
СССР",150 мин. / 02:30,"
  84.4 млн,      200 тыс.",
Гран Торино (2008),8.329,"
2008","
$33 000 000","
+ $121 862 926 = $269 958 228  сборы","
$148 095 302","
Германия,  США",116 мин. / 01:56,"
$395 962","
  3.41 млн,      2.1 млн,      1.53 млн, ..."
Одержимость (2013),8.327,"
2013","
$3 300 000","
+ $35 890 041 = $48 982 041 сборы","
$13 092 000","
США",106 мин. / 01:46,"
$189 987","
  639.7 тыс.,      111.6 тыс.,      38.2 тыс., ..."
Прислуга (2011),8.319,"
2011","
$25 000 000","
+ $46 931 000 = $216 639 112 сборы","
$169 708 112","
США,  Индия,  ОАЭ",146 мин. / 02:26,"
$63 000","
  505.9 тыс.,      411.1 тыс.,      99.6 тыс., ..."
Человек дождя (1988),8.317,"
1988","
$25 000 000","
+ $182 000 000 = $354 825 435 сборы","
$172 825 435","
США",133 мин. / 02:13,"
  43.3 млн,      6.47 млн,      6.01 млн, ...","

12 декабря 1988, ..."
Зверополис (2016),8.312,"
2016","
$150 000 000","
+ $682 515 947 = $1 023 784 195  сборы","
$341 268 248","
США",108 мин. / 01:48,"
$39 664 652","
  9.41 млн"
Изгой (2000),8.310,"
2000","
$90 000 000","
$233 632 142","
$23 500 000","
США",143 мин. / 02:23,"
+ $196 000 000 = $429 632 142 сборы","
  42.9 млн,      4.89 млн,      3.37 млн, ..."
Шестое чувство (1999),8.309,"
1999","
$40 000 000","
$293 506 292","
$35 000 000","
США",107 мин. / 01:47,"
+ $379 300 000 = $672 806 292 сборы","
  57.5 млн,      7.75 млн,      7.41 млн, ..."
Летят журавли (1957),8.309,"
1957","
  28.3 млн,      5.41 млн","

12 октября 1957, ...","
  28.3 млн,      5.41 млн","
СССР",95 мин. / 01:35,,
Офицеры (1971),8.307,"
1971","
  53.4 млн","

26 июля 1971, ...","
  53.4 млн","
СССР",91 мин. / 01:31,,
Спасти рядового Райана (1998),8.296,"
1998","
$70 000 000","
+ $265 300 000 = $481 840 909 сборы","
$216 540 909","
США",169 мин. / 02:49,"
  45.7 млн,      4.68 млн,      4.14 млн, ...","

21 июля 1998, ..."
Малыш (1921),8.296,"
1921","
$250 000","

16 января 1921, ...","
$5 450 000 сборы","
США",68 мин. / 01:08,,
В погоне за счастьем (2006),8.295,"
2006","
$55 000 000","
+ $141 563 168 = $305 129 627  сборы","
$163 566 459","
США",117 мин. / 01:57,"
                        $436 781","
  24.4 млн,      2.6 млн,      1.91 млн, ..."
Белый Бим Черное ухо (1976),8.295,"
1976","
  23.1 млн","

15 сентября 1977, ...","
  23.1 млн","
СССР",183 мин. / 03:03,,
Эффект бабочки (2003),8.292,"
2003","
$13 000 000","
$57 938 693","
$20 000 000","
США,  Канада",113 мин. / 01:53,"
+ $38 122 165 = $96 060 858  сборы","
  9.31 млн,      625.8 тыс.,      481.8 тыс., ..."
Судьба человека (1959),8.288,"
1959","
  39.2 млн","

12 апреля 1959, ...","
  39.2 млн","
СССР",97 мин. / 01:37,,
Назад в будущее 2 (1989),8.280,"
1989","
$40 000 000","
+ $213 500 000 = $331 950 002 сборы","
$118 450 002","
США",108 мин. / 01:48,"
  29.4 млн,      7.94 млн,      3.66 млн, ...","

20 ноября 1989, ..."
Красавица и чудовище (1991),8.279,"
1991","
$25 000 000","
+ $206 000 000 = $424 967 620 сборы","
$218 967 620","
США",84 мин. / 01:24,"
$1 394 549","
  45.4 млн,      5.18 млн,      4.19 млн, ..."
Дневник памяти (2004),8.274,"
2004","
$29 000 000","
$81 001 787","
$25 000 000","
США",124 мин. / 02:04,"
+ $34 531 913 = $115 533 700  сборы","
  13 млн,      319.2 тыс.,      262.8 тыс., ..."
Укрощение строптивого (1980),8.274,"
1980","
  56 млн","

20 декабря 1980, ...","
  56 млн","
Италия",104 мин. / 01:44,,
Однажды в Америке (1983),8.273,"
1983","
$30 000 000","
  27.6 млн,      2.32 млн,      2.32 млн, ...","
$5 321 508  сборы","
США,  Италия",229 мин. / 03:49,"
  27.6 млн,      2.32 млн,      2.32 млн, ...",
Римские каникулы (1953),8.270,"
1953","
$1 500 000","
+ $7 000 000 = $12 000 000 сборы","
$5 000 000","
США",118 мин. / 01:58,"
  8.3 млн,      4.22 млн","

20 августа 1953, ..."
Балто (1995),8.266,"
1995","
$11 348 324  сборы","
  2.58 млн,      172.4 тыс.,      133.3 тыс., ...","
  2.58 млн,      172.4 тыс.,      133.3 тыс., ...","
США",71 мин. / 01:11,"

22 декабря 1995, ...","


                        13 ноября 2003,
                        «Premier Digital»"
Унесенные ветром (1939),8.265,"
1939","
$3 977 000","
+ $201 500 000 = $400 176 459 сборы","
$198 676 459","
США",222 мин. / 03:42,"
  35 млн,      16.7 млн,      13.3 млн, ...","

15 декабря 1939, ..."
Служебный роман (1977),8.263,"
1977","
  58.4 млн","

26 октября 1977, ...","
  58.4 млн","
СССР",159 мин. / 02:39,,
Темный рыцарь: Возрождение легенды (2012),8.262,"
2012","
$250 000 000","
+ $636 300 000 = $1 084 439 099  сборы","
$448 139 099","
Великобритания,  США",165 мин. / 02:45,"
$17 143 190","
  56.3 млн,      9.39 млн,      8.83 млн, ..."
Жизнь других (2006),8.252,"
2006","
$2 000 000","
+ $66 060 926 = $77 347 038  сборы","
$11 286 112","
Германия",137 мин. / 02:17,"
$297 700","
  2.34 млн,      1.64 млн,      1.43 млн, ..."
Счастливое число Слевина (2005),8.249,"
2005","
$27 000 000","
+ $33 813 415 = $56 308 881 сборы","
$22 495 466","
Германия,  Великобритания,  США,  Канада",110 мин. / 01:50,"
                        $752 500","
  3.43 млн,      938.6 тыс.,      707.2 тыс., ..."
Амадей (1984),8.242,"
1984","
$18 000 000","
  14.8 млн,      4.59 млн,      485.1 тыс.","
$51 973 029  сборы","
США,  Франция,  Чехословакия",153 мин. / 02:33,"
  14.8 млн,      4.59 млн,      485.1 тыс.",
Адвокат дьявола (1997),8.238,"
1997","
$57 000 000","
+ $92 000 000 = $152 944 660 сборы","
$60 944 660","
США,  Германия",144 мин. / 02:24,"
  13.3 млн,      1.86 млн,      1.59 млн, ...","

13 октября 1997, ..."
…А в душе я танцую (2004),8.231,"
2004","
$23 844  сборы","
  180 тыс.","
  180 тыс.","
Великобритания,  Ирландия,  Франция",98 мин. / 01:38,"

10 октября 2004, ...","


                        23 июня 2011,
                        «Neoclassica»"
Шерлок Холмс и доктор Ватсон: Смертельная схватка (1980),8.231,"
1980",,,,"
СССР",64 мин.,,
Они сражались за Родину (1975),8.230,"
1975","
  40.6 млн","

12 мая 1975, ...","
  40.6 млн","
СССР",160 мин. / 02:40,,
Ходячий замок (2004),8.229,"
2004","
$24 000 000","
+ $230 473 014 = $235 184 110  сборы","
$4 711 096","
Япония",119 мин. / 01:59,"
                        $82 500","
  15.5 млн,      3.02 млн,      830.2 тыс., ..."
Гонка (2013),8.229,"
2013","
$38 000 000","
+ $63 300 000 = $90 247 624  сборы","
$26 947 624","
Великобритания,  Германия,  США",123 мин. / 02:03,"
$3 679 616","
  3.31 млн,      1.54 млн,      1.03 млн, ..."
Зеленая книга (2018),8.228,"
2018","
$23 000 000","
+ $235 708 012 = $320 788 183  сборы","
$85 080 171","
США",130 мин. / 02:10,"
$9 063 456","
  1.99 млн"
Брат (1997),8.217,"
1997","
  7.1 тыс.,      5.5 тыс.,      3.6 тыс., ...","

17 мая 1997, ...","
  7.1 тыс.,      5.5 тыс.,      3.6 тыс., ...","
Россия",100 мин. / 01:40,,
Баллада о солдате (1959),8.216,"
1959","
  30.1 млн","

1 декабря 1959, ...","
  30.1 млн","
СССР",89 мин. / 01:29,,
Хоббит: Нежданное путешествие (2012),8.212,"
2012","
$180 000 000","
+ $718 100 000 = $1 021 103 568  сборы","
$303 003 568","
США,  Новая Зеландия",169 мин. / 02:49,"
$43 846 779","
  37.9 млн,      8.18 млн,      6.92 млн, ..."
Малышка на миллион (2004),8.211,"
2004","
$30 000 000","
+ $116 271 443 = $216 763 646  сборы","
$100 492 203","
США",132 мин. / 02:12,"
$365 000","
  15.7 млн,      2.82 млн,      2.37 млн, ..."
Свидетель обвинения (1957),8.210,"
1957","
                        $3 000 000",,"

17 декабря 1957, ...","
США",116 мин. / 01:56,,
Шерлок Холмс и доктор Ватсон: Кровавая надпись (1979),8.208,"
1979","

22 марта 1980","


                        1 апреля 2011,
                        «Парадиз»",,"
СССР",66 мин. / 01:06,,
Девчата (1962),8.207,"
1962","
  34.8 млн","

7 марта 1962, ...","
  34.8 млн","
СССР",92 мин. / 01:32,,
Мальчик в полосатой пижаме (2008),8.205,"
2008","
$12 500 000","
+ $31 370 407 = $40 416 563  сборы","
$9 046 156","
Великобритания,  США",90 мин. / 01:30,$4 744 774,"
  1.82 млн,      1.22 млн,      868.8 тыс., ..."
Общество мертвых поэтов (1989),8.199,"
1989","
$16 400 000","
+ $140 000 000 = $235 860 116 сборы","
$95 860 116","
США",128 мин. / 02:08,"
  24.1 млн,      6.6 млн,      3.57 млн, ...","

2 июня 1989, ..."
Одиннадцать друзей Оушена (2001),8.196,"
2001","
$85 000 000","
$183 417 150","
$30 000 000","
США",116 мин. / 01:56,"
+ $267 300 000 = $450 717 150 сборы","
  32.4 млн,      5.41 млн,      4.66 млн, ..."
Пятый элемент (1997),8.194,"
1997","
$90 000 000","
+ $200 100 000 = $263 920 180 сборы","
$63 820 180","
Франция",126 мин. / 02:06,"
  13.9 млн,      7.49 млн,      3.26 млн, ...","

7 мая 1997, ..."
Казино (1995),8.194,"
1995","
$52 000 000","
+ $73 600 000 = $116 112 375 сборы","
$42 512 375","
США,  Франция",171 мин. / 02:51,"
  9.75 млн,      1.66 млн,      1.33 млн, ...","

3 апреля 1995, ..."
Артист (2011),8.191,"
2011","
$15 000 000","
+ $88 761 174 = $133 432 856  сборы","
$44 671 682","
Франция,  Бельгия",96 мин. / 01:36,"
$2 735 791","
  3.06 млн,      659.6 тыс.,      621.6 тыс., ..."
Один дома (1990),8.190,"
1990","
$18 000 000","
+ $190 923 432 = $476 684 675 сборы","
$285 761 243","
США",103 мин. / 01:43,"
  67.7 млн,      6.54 млн,      2.79 млн, ...","

10 ноября 1990, ..."
День сурка (1993),8.190,"
1993","
$14 600 000","
  17.1 млн,      2.23 млн,      897.6 тыс., ...","
$70 906 973  сборы","
США",101 мин. / 01:41,"
  17.1 млн,      2.23 млн,      897.6 тыс., ...",
Приключения Шерлока Холмса и доктора Ватсона: Охота на тигра (1980),8.190,"
1980",,,,"
СССР",65 мин. / 01:05,,
"Добро пожаловать, или Посторонним вход воспрещен (1964)",8.179,"
1964","
  13.4 млн","

9 октября 1964, ...","
  13.4 млн","
СССР",71 мин. / 01:11,,
Могила светлячков (1988),8.177,"
1988","
                        $3 700 000",,"

16 апреля 1988, ...","
Япония",89 мин. / 01:29,"

28 октября 2018",
Аладдин (1992),8.176,"
1992","
$28 000 000","
+ $286 700 000 = $504 050 219 сборы","
$217 350 219","
США",90 мин. / 01:30,"
  52.4 млн,      7.28 млн,      6.35 млн, ...","

8 ноября 1992, ..."
Невидимая сторона (2009),8.176,"
2009","
$29 000 000","
+ $53 227 403 = $309 177 778  сборы","
$255 950 375","
США",129 мин. / 02:09,$107 212 947,"
  35.3 млн,      1.07 млн,      694.8 тыс., ..."
Как украсть миллион (1966),8.175,"
1966","
                        $6 000 000","
  24.6 млн","
  24.6 млн","
США",123 мин. / 02:03,"

13 июля 1966, ...","


                        25 декабря 2003,
                        «Film Prestige»"
Новые времена (1936),8.175,"
1936","
$1 500 000","

5 февраля 1936, ...","
$163 577  сборы","
США",87 мин. / 01:27,,
Город Бога (2002),8.174,"
2002","
$3 300 000","
+ $19 822 922 = $27 387 381 сборы","
$7 564 459","
Бразилия,  Франция",130 мин. / 02:10,"
                        $75 000","
  3.03 млн,      1.24 млн,      497 тыс., ..."
Любовь и голуби (1984),8.173,"
1984","
  44.5 млн","

7 января 1985, ...","
  44.5 млн","
СССР",107 мин. / 01:47,,
Легенда о пианисте (1998),8.170,"
1998","
$9 000 000","
  772.8 тыс.,      94.7 тыс.,      64.5 тыс., ...","
$167 435  сборы","
Италия",120 мин. / 02:00,"
  772.8 тыс.,      94.7 тыс.,      64.5 тыс., ...",
Меня зовут Кхан (2010),8.170,"
2010","
$12 000 000","
+ $37 069 671 = $41 088 442  сборы","
$4 018 771","
Индия,  США,  ОАЭ",155 мин. / 02:35,"
$161 889","
  381.1 тыс.,      27.2 тыс."
Семь жизней (2008),8.169,"
2008","
$55 000 000","
+ $98 216 377 = $168 168 201  сборы","
$69 951 824","
США",118 мин. / 01:58,"
$1 431 747","
  9.62 млн,      1.82 млн,      1.66 млн, ..."
Шерлок Холмс и доктор Ватсон: Король шантажа (1980),8.169,"
1980","


                        4 февраля 2010,
                        «Lizard Cinema Trade»",,,"
СССР",63 мин. / 01:03,,
Афера (1973),8.165,"
1973","
$5 500 000","
  89.1 млн,      11.1 млн,      6.53 млн, ...","
$156 000 000 сборы","
США",129 мин. / 02:09,"
  89.1 млн,      11.1 млн,      6.53 млн, ...",
Рэй (2004),8.160,"
2004","
$40 000 000","
+ $48 639 776 = $123 971 376  сборы","
$75 331 600","
США",152 мин. / 02:32,"
                        $75 000","
  12.3 млн,      1.57 млн,      561 тыс., ..."
Танцующий с волками (1990),8.160,"
1990","
$22 000 000","
+ $240 000 000 = $424 208 848 сборы","
$184 208 848","
США,  Великобритания",181 мин. / 03:01,"
  43.7 млн,      7.28 млн,      6.86 млн, ...","

19 октября 1990, ..."
Привидение (1990),8.158,"
1990","
$22 000 000","
+ $288 071 282 = $505 702 588 сборы","
$217 631 306","
США",127 мин. / 02:07,"
  51.5 млн,      10 млн,      8.78 млн, ...","

13 июля 1990, ..."
Жизнь Дэвида Гейла (2002),8.158,"
2002","
$38 000 000","
$19 955 598","
$25 000 000","
США,  Германия,  Великобритания,  Испания",130 мин. / 02:10,"
+ $19 000 000 = $38 955 598 сборы","
  3.3 млн,      503.8 тыс.,      482.2 тыс., ..."
12 стульев (1971),8.158,"
1971","
  39.3 млн","

21 июня 1971, ...","
  39.3 млн","
СССР",153 мин. / 02:33,,
Самый быстрый Indian (2005),8.152,"
2005","
$25 000 000","
+ $11 381 582 = $16 509 706  сборы","
$5 128 124","
Новая Зеландия,  Япония,  США",127 мин. / 02:07,"
                        $114 500","
  782.9 тыс.,      96.3 тыс.,      38.4 тыс., ..."
Шерлок Холмс и доктор Ватсон: Сокровища Агры (1983),8.150,"
1983","

25 июня 1983","


                        11 февраля 2010,
                        «Lizard Cinema Trade»",,"
СССР",151 мин. / 02:31,,
Умница Уилл Хантинг (1997),8.148,"
1997","
$10 000 000","
+ $87 500 000 = $225 933 435 сборы","
$138 433 435","
США",126 мин. / 02:06,"
  29.5 млн,      2 млн,      1.44 млн, ...","

2 декабря 1997, ..."
Терминал (2004),8.147,"
2004","
$60 000 000","
$77 872 883","
$35 000 000","
США",124 мин. / 02:04,"
+ $140 813 273 = $218 686 156  сборы","
  12.5 млн,      1.63 млн,      1.41 млн, ..."
Назад в будущее 3 (1990),8.146,"
1990","
$40 000 000","
+ $156 800 000 = $244 527 583 сборы","
$87 727 583","
США",118 мин. / 01:58,"
  20.7 млн,      1.94 млн,      1.68 млн, ...","

25 мая 1990, ..."
Славные парни (1990),8.145,"
1990","
$25 000 000","
  11.1 млн,      1.35 млн,      976.3 тыс., ...","
$46 836 394  сборы","
США",140 мин. / 02:20,"
  11.1 млн,      1.35 млн,      976.3 тыс., ...",
Пираты Карибского моря: Сундук мертвеца (2006),8.143,"
2006","
$225 000 000","
+ $642 863 913 = $1 066 179 725  сборы","
$423 315 812","
США",151 мин. / 02:31,"
                        $27 512 316","
  64.6 млн,      10.8 млн,      7.75 млн, ..."
Лицо со шрамом (1983),8.143,"
1983","
$25 000 000","
+ $20 476 000 = $65 884 703 сборы","
$45 408 703","
США",170 мин. / 02:50,$5 360 157,"
  13.8 млн,      770.5 тыс.,      397.7 тыс., ..."
На несколько долларов больше (1965),8.141,"
1965","
$600 000","
  5.5 млн,      4.17 млн","
$15 000 000 сборы","
Италия,  Испания,  Германия (ФРГ)",130 мин. / 02:10,"
  5.5 млн,      4.17 млн",
Ледниковый период (2002),8.136,"
2002","
$59 000 000","
$176 387 405","
$35 000 000","
США",81 мин. / 01:21,"
+ $206 871 808 = $383 259 213 сборы","
  30.4 млн,      6.84 млн,      3.28 млн, ..."
Король говорит! (2010),8.136,"
2010","
$15 000 000","
+ $275 414 100 = $414 211 549  сборы","
$138 797 449","
Великобритания,  США,  Австралия",118 мин. / 01:58,"
$1 681 032","
  17.5 млн,      7.54 млн,      3.09 млн, ..."
Головоломка (2015),8.136,"
2015","
$175 000 000","
+ $501 149 463 = $857 611 174  сборы","
$356 461 711","
США",95 мин. / 01:35,"
$18 134 698","
  5.01 млн,      2.73 млн"
Блеф (1976),8.136,"
1976","
  44.3 млн,      5.84 млн","

15 апреля 1976, ...","
  44.3 млн,      5.84 млн","
Италия",110 мин. / 01:50,,
Перед классом (2008),8.134,"
2008","

7 декабря 2008",,,"
США",95 мин. / 01:35,,
Ромео и Джульетта (1968),8.132,"
1968","
$38 901 218 сборы","
  35.8 млн","
  35.8 млн","
Великобритания,  Италия",138 мин. / 02:18,"

4 марта 1968, ...",
Планета Ка-Пэкс (2001),8.127,"
2001","
$68 000 000","
+ $14 663 000 = $65 001 485 сборы","
$50 338 485","
Германия,  США",120 мин. / 02:00,"
  9.33 млн,      344.2 тыс.,      281.5 тыс., ...","

22 октября 2001, ..."
Золотой теленок (1968),8.127,"
1968","
  29.6 млн","

8 июля 1968, ...","
  29.6 млн","
СССР",164 мин. / 02:44,,
Семь самураев (1954),8.127,"
1954","
$500 000","
  7 млн","
$271 841  сборы","
Япония",207 мин. / 03:27,"
  7 млн",
Шерлок Холмс (2009),8.126,"
2009","
$90 000 000","
+ $315 000 000 = $524 028 679  сборы","
$209 028 679","
США,  Германия",128 мин. / 02:08,"
$16 494 393","
  32 млн,      4.6 млн,      3.04 млн, ..."
Амели (2001),8.125,"
2001","
$10 000 000","
$33 225 499","
$3 000 000","
Франция,  Германия",122 мин. / 02:02,"
+ $140 696 455 = $173 921 954 сборы","
  8.6 млн,      3.07 млн,      3.03 млн, ..."
В случае убийства набирайте «М» (1954),8.125,"
1954","
$1 400 000","
  2.32 млн","
$12 562  сборы","
США",105 мин. / 01:45,"
  2.32 млн",
Бешеные псы (1991),8.124,"
1991","
$1 200 000","
  682.4 тыс.","
$2 832 029  сборы","
США",100 мин. / 01:40,"
  682.4 тыс.",
Заплати другому (2000),8.124,"
2000","
$40 000 000","
$33 519 628","
$27 600 000","
США",123 мин. / 02:03,"
+ $22 187 783 = $55 707 411 сборы","
  5.99 млн,      314.1 тыс.,      178.4 тыс., ..."
Нюрнбергский процесс (1961),8.124,"
1961","
$3 000 000","

14 декабря 1961, ...","
$6 000 000 сборы","
США",186 мин. / 03:06,,
Вам и не снилось... (1980),8.120,"
1980","
  26.1 млн","

23 марта 1981, ...","
  26.1 млн","
СССР",86 мин. / 01:26,,
Вечное сияние чистого разума (2004),8.118,"
2004","
$20 000 000","
$34 400 301","
$10 000 000","
США",108 мин. / 01:48,"
+ $37 642 574 = $72 042 875 сборы","
  5.5 млн,      1.12 млн,      579.2 тыс., ..."
Корпорация монстров (2001),8.118,"
2001","
$115 000 000","
$289 916 256","
$50 000 000","
США",92 мин. / 01:32,"
+ $272 900 000 = $562 816 256 сборы","
  49 млн,      8.64 млн,      7.6 млн, ..."
Паразиты (2019),8.116,"
2019","
                        $11 800 000","
$1 252 297  сборы","
                        $88 480 969                                                сборы","
Корея Южная",131 мин. / 02:11,"
  10.1 млн,      282 тыс.","

21 мая 2019, ..."
Ганди (1982),8.115,"
1982","
$22 000 000","
  16.8 млн,      2.68 млн,      2.52 млн, ...","
$52 767 889  сборы","
Великобритания,  Индия,  США",191 мин. / 03:11,"
  16.8 млн,      2.68 млн,      2.52 млн, ...",
Воин (2011),8.113,"
2011","
$25 000 000","
+ $9 400 000 = $23 057 115 сборы","
$13 657 115","
США",140 мин. / 02:20,$5 149 564,"
  1.72 млн,      310 тыс.,      236.9 тыс., ..."
"Три билборда на границе Эббинга, Миссури (2017)",8.112,"
2017","
$15 000 000","
+ $104 696 424 = $159 210 164  сборы","
$54 513 740","
Великобритания,  США",115 мин. / 01:55,"
$3 389 115","
  680.1 тыс."
Апокалипсис сегодня (1979),8.110,"
1979","
$31 500 000","
$113 379","
$83 471 511","
США",194 мин. / 03:14,$606 984,"
  31.4 млн,      4.54 млн,      3.37 млн, ..."
Тот самый Мюнхгаузен (1979),8.109,"
1979","

1 января 1980","


                        11 января 2011,
                        «Парадиз»",,"
СССР",134 мин. / 02:14,,
Андрей Рублев (1966),8.107,"
1966","
                        1 000 000 руб.","
  2.9 млн","
  2.9 млн","
СССР",175 мин. / 02:55,"

18 февраля 1969, ...","


                        12 апреля 2010,
                        «Цифровой Элемент»"
Отец солдата (1964),8.106,"
1964","
  23.8 млн","

11 января 1965, ...","
  23.8 млн","
СССР",87 мин. / 01:27,,
Белый плен (2005),8.105,"
2005","
$40 000 000","
+ $38 843 429 = $120 455 994  сборы","
$81 612 565","
США",120 мин. / 02:00,$87 432 905,"
  12.5 млн,      535 тыс.,      511 тыс., ..."
Звёздные войны: Эпизод 3 – Месть Ситхов (2005),8.102,"
2005","
$113 000 000","
+ $469 727 028 = $849 997 605  сборы","
$380 270 577","
США",140 мин. / 02:20,"
                        $8 360 000","
  59.4 млн,      8.43 млн,      6.78 млн, ..."
Тренер Картер (2005),8.100,"
2005","
$30 000 000","
+ $9 404 929 = $76 669 806 сборы","
$67 264 877","
США,  Германия",136 мин. / 02:16,"
  10.5 млн,      340.8 тыс.,      158.2 тыс., ...","

13 января 2005, ..."
Твоё имя (2016),8.099,"
2016","
$5 017 246","
$654 416","
+ $352 968 841 = $357 986 087 сборы","
Япония",110 мин. / 01:50,"
  163.3 тыс.,      6.3 тыс.","

3 июля 2016, ..."
Писатели свободы (2006),8.098,"
2006","
$21 000 000","
+ $6 485 139 = $43 090 741  сборы","
$36 605 602","
Германия,  США",123 мин. / 02:03,$12 633 740,"
  5.32 млн,      256.6 тыс.,      99.5 тыс., ..."
Человек-слон (1980),8.096,"
1980","
$5 000 000","
  9.67 млн,      2.44 млн,      908 тыс., ...","
$26 010 864 сборы","
США,  Великобритания",125 мин. / 02:05,"
  9.67 млн,      2.44 млн,      908 тыс., ...",
Красота по-американски (1999),8.094,"
1999","
$15 000 000","
$130 096 601","
$30 000 000","
США",122 мин. / 02:02,"
+ $226 200 000 = $356 296 601 сборы","
  25.6 млн,      4.82 млн,      4.11 млн, ..."
Индиана Джонс и последний крестовый поход (1989),8.094,"
1989","
$48 000 000","
+ $277 000 000 = $474 171 806 сборы","
$197 171 806","
США",127 мин. / 02:07,$13 802 695,"
  49.4 млн,      6.25 млн,      4.22 млн, ..."
Мой сосед Тоторо (1988),8.094,"
1988","
$3 700 000","
+ $20 724 536 = $21 897 300 сборы","
$1 172 764","
Япония",86 мин. / 01:26,"
                        $10 689",
Исчезнувшая (2014),8.093,"
2014","
$61 000 000","
+ $201 563 174 = $369 330 363  сборы","
$167 767 189","
США",149 мин. / 02:29,"
$11 601 978","
  1.79 млн,      294.9 тыс."
Военный ныряльщик (2000),8.093,"
2000","
$32 000 000","
$48 818 921","
$23 700 000","
США",129 мин. / 02:09,"
+ $33 524 574 = $82 343 495 сборы","
  8.88 млн,      766.9 тыс.,      363.8 тыс., ..."
Октябрьское небо (1999),8.093,"
1999","
$25 000 000","
+ $2 128 000 = $34 675 800 сборы","
$32 547 800","
США",108 мин. / 01:48,"
  6.43 млн,      26.1 тыс.,      13.2 тыс., ...","

19 февраля 1999, ..."
Схватка (1995),8.092,"
1995","
$60 000 000","
+ $120 000 000 = $187 436 818 сборы","
$67 436 818","
США",171 мин. / 02:51,"
  15.4 млн,      2.74 млн,      1.43 млн, ...","

6 декабря 1995, ..."
Принцесса Мононоке (1997),8.088,"
1997","
¥2 400 000 000","
+ $157 000 000 = $159 375 308 сборы","
$2 375 308","
Япония",134 мин. / 02:14,"
$97 423","
  14.2 млн,      500.4 тыс.,      467.3 тыс., ..."
Звёздные войны: Эпизод 6 – Возвращение Джедая (1983),8.087,"
1983","
$32 500 000","
+ $165 800 000 = $475 106 177 сборы","
$309 306 177","
США",131 мин. / 02:11,$6 605 477,"
  94.1 млн,      8.35 млн,      5.05 млн, ..."
Ип Ман (2008),8.086,"
2008","
                        $11 715 578","

12 декабря 2008, ...","
                        $21 898 598                         сборы","
Гонконг,  Китай",106 мин. / 01:46,,
Знахарь (1981),8.085,"
1981","
  41.1 млн","

12 апреля 1982, ...","
  41.1 млн","
Польша",133 мин. / 02:13,,
Психо (1960),8.084,"
1960","
$806 947","
  42.7 млн,      2.07 млн,      724.8 тыс.","
$32 000 000 сборы","
США",109 мин. / 01:49,"
  42.7 млн,      2.07 млн,      724.8 тыс.",
Звёздочки на земле (2007),8.081,"
2007","
$1 223 869","
  68.9 тыс.","
+ $20 673 504 = $21 897 373  сборы","
Индия",165 мин. / 02:45,"
  68.9 тыс.",
Новый кинотеатр «Парадизо» (1988),8.080,"
1988","
$5 000 000","
  2.83 млн,      2.05 млн,      910.9 тыс., ...","
$11 990 401  сборы","
Италия,  Франция",124 мин. / 02:04,"
  2.83 млн,      2.05 млн,      910.9 тыс., ...",
Легенда №17 (2012),8.078,"
2012","
€10 000 000","
  4.2 млн,      149.6 тыс.","
$29 523 237  сборы","
Россия",134 мин. / 02:14,"
  4.2 млн,      149.6 тыс.",
Иллюзионист (2005),8.075,"
2005","
$16 500 000","
+ $48 023 746 = $87 892 388  сборы","
$39 868 642","
США,  Чехия",110 мин. / 01:50,"
                        $965 000","
  6.07 млн,      1.7 млн,      441.8 тыс., ..."
Шрек (2001),8.074,"
2001","
$60 000 000","
$267 665 011","
$45 000 000","
США",90 мин. / 01:30,"
+ $216 744 207 = $484 409 218 сборы","
  47.3 млн,      6.74 млн,      4.02 млн, ..."
"Ирония судьбы, или С легким паром! (1975)",8.074,"
1975","
  7 млн","

31 декабря 1975","
  7 млн","
СССР",184 мин.,,
Последний самурай (2003),8.074,"
2003","
$140 000 000","
$111 127 263","
$30 000 000","
США,  Новая Зеландия,  Япония",154 мин. / 02:34,"
+ $345 631 718 = $456 758 981  сборы","
  18.4 млн,      12.1 млн,      3.66 млн, ..."
Берегись автомобиля (1966),8.072,"
1966","
  29 млн","

10 декабря 1966, ...","
  29 млн","
СССР",94 мин. / 01:34,,
Цирк (1928),8.072,"
1928","
                        $900 000",,"

6 января 1928, ...","
США",72 мин. / 01:12,"


                        22 июня 2004,
                        «Premier Digital»","


                        5 декабря 2012,
                        «Деваль-Видео»"
Трасса 60 (2001),8.069,"
2001","
                        $7 000 000","
  2.4 тыс.","
  2.4 тыс.","
Канада,  США",116 мин. / 01:56,"

13 апреля 2002, ...","


                        31 октября 2002,
                        «Союз-Видео»"
Жестокий романс (1984),8.069,"
1984","
  22 млн","

23 ноября 1984, ...","
  22 млн","
СССР",137 мин. / 02:17,,
Тэмпл Грандин (2010),8.069,"
2010","

6 февраля 2010, ...",,,"
США",107 мин. / 01:47,,
Гарри Поттер и узник Азкабана (2004),8.068,"
2004","
$130 000 000","
$249 541 069","
$50 000 000","
Великобритания,  США",142 мин. / 02:22,"
+ $547 147 480 = $796 688 549  сборы","
  40.2 млн,      11 млн,      10.3 млн, ..."
Хоббит: Пустошь Смауга (2013),8.067,"
2013","
$225 000 000","
+ $702 000 000 = $960 366 855  сборы","
$258 366 855","
США,  Новая Зеландия",161 мин. / 02:41,"
$44 946 959","
  11.2 млн,      6 млн,      4.9 млн, ..."
Брат 2 (2000),8.067,"
2000","
                        $1 500 000","
  12.1 тыс.,      1.9 тыс.,      1.6 тыс.","
                        $1 080 000                                                сборы","
Россия,  США",127 мин. / 02:07,"
  12.1 тыс.,      1.9 тыс.,      1.6 тыс.",
Пока не сыграл в ящик (2007),8.066,"
2007","
$45 000 000","
+ $81 906 000 = $175 372 502  сборы","
$93 466 502","
США",97 мин. / 01:37,"
$926 500","
  12.9 млн,      949.9 тыс.,      905.6 тыс., ..."
Загадочная история Бенджамина Баттона (2008),8.065,"
2008","
$150 000 000","
+ $206 422 757 = $333 932 083  сборы","
$127 509 326","
США",166 мин. / 02:46,"
$4 379 686","
  17.4 млн,      2.61 млн,      2.08 млн, ..."
Хулиганы (2005),8.065,"
2005","
$346 830","
  271.8 тыс.,      100.6 тыс.,      59.5 тыс., ...","
+ $2 807 516 = $3 154 346 сборы","
США,  Великобритания",109 мин. / 01:49,"
  271.8 тыс.,      100.6 тыс.,      59.5 тыс., ...",
Я – Сэм (2001),8.062,"
2001","
$22 000 000","
+ $57 506 287 = $97 818 139 сборы","
$40 311 852","
США",132 мин. / 02:12,"
  6.94 млн,      686.2 тыс.,      466.7 тыс., ...","

3 декабря 2001, ..."
Дурак (2014),8.060,"
2014","
                        $1 300 000","
  5.1 тыс.","
$15 554  сборы","
Россия",116 мин. / 01:56,"
  5.1 тыс.",
Ураган (1999),8.060,"
1999","
$50 000 000","
+ $23 257 000 = $73 956 241 сборы","
$50 699 241","
США",146 мин. / 02:26,"
  9.13 млн,      368.9 тыс.,      362.1 тыс., ...","

17 сентября 1999, ..."
Гарри Поттер и философский камень (2001),8.059,"
2001","
$125 000 000","
$317 575 550","
$40 000 000","
Великобритания,  США",152 мин. / 02:32,"
+ $657 179 821 = $974 755 371 сборы","
  55.7 млн,      16.2 млн,      12.4 млн, ..."
Медведь (1988),8.059,"
1988","
$31 753 898  сборы","
  9.14 млн,      8 млн,      1.79 млн, ...","
  9.14 млн,      8 млн,      1.79 млн, ...","
Франция,  США",94 мин. / 01:34,"

19 октября 1988, ...","


                        16 сентября 2008,
                        «CD Land»"
Подмена (2008),8.058,"
2008","
$55 000 000","
+ $77 280 454 = $113 020 256  сборы","
$35 739 802","
США",141 мин. / 02:21,"
$922 883","
  4.96 млн,      1.41 млн,      1.39 млн, ..."
Апокалипсис (2006),8.058,"
2006","
$40 000 000","
+ $69 308 655 = $120 175 290  сборы","
$50 866 635","
США,  Мексика",139 мин. / 02:19,"
$4 749 500","
  7.72 млн,      1.06 млн,      936.1 тыс., ..."
Гарри Поттер и Дары Смерти: Часть II (2011),8.057,"
2011","
$125 000 000","
+ $960 500 000 = $1 341 511 219  сборы","
$381 011 219","
США,  Великобритания",130 мин. / 02:10,"
$37 185 546","
  48 млн,      12.1 млн,      10.4 млн, ..."
Три идиота (2009),8.057,"
2009","
INR 550 000 000","
+ $80 000 000 = $86 532 874  сборы","
$6 532 874","
Индия",170 мин. / 02:50,"
  1.05 млн,      388.5 тыс.,      332.5 тыс., ...","

23 декабря 2009, ..."
Песнь моря (2014),8.055,"
2014","
€5 300 000","
$35 245","
$857 522","
Ирландия,  Дания,  Бельгия,  Люксембург,  Франция",93 мин. / 01:33,"
  11.4 тыс.","

6 сентября 2014, ..."
Рататуй (2007),8.054,"
2007","
$150 000 000","
+ $417 277 164 = $623 722 818  сборы","
$206 445 654","
США",111 мин. / 01:51,"
$10 147 600","
  30 млн,      7.71 млн,      5.79 млн, ..."
Золотая лихорадка (1925),8.054,"
1925","
$923 000","

26 июня 1925, ...","
$5 450 000 сборы","
США",95 мин. / 01:35,,
Убить пересмешника (1962),8.053,"
1962","
$2 000 000",$230 239,"
$592 237 сборы","
США",129 мин. / 02:09,"

25 декабря 1962, ...","


                        12 ноября 2018,
                        «НД Плэй»"
Крепкий орешек (1988),8.052,"
1988","
$28 000 000","
+ $55 700 000 = $138 708 852 сборы","
$83 008 852","
США",133 мин. / 02:13,"
  20.2 млн,      1.31 млн,      655.5 тыс.","

12 июля 1988, ..."
Столкновение (2004),8.050,"
2004","
$6 500 000","
+ $43 829 761 = $98 410 061 сборы","
$54 580 300","
США,  Германия",108 мин. / 01:48,"
                        $405 000","
  8.5 млн,      1.53 млн,      1.32 млн, ..."
Крупная рыба (2003),8.047,"
2003","
$70 000 000","
$66 809 693","
$25 000 000","
США",125 мин. / 02:05,"
+ $56 109 362 = $122 919 055  сборы","
  10.8 млн,      1.35 млн,      1.07 млн, ..."
Завтра была война (1987),8.047,"
1987","
  13.5 млн","

9 июля 1987, ...","
  13.5 млн","
СССР",89 мин. / 01:29,,
Звёздные войны: Эпизод 5 – Империя наносит ответный удар (1980),8.046,"
1980","
$18 000 000","
+ $247 900 000 = $538 375 067 сборы","
$290 475 067","
США",124 мин. / 02:04,$4 951 540,"
  98.2 млн,      9.09 млн,      5.05 млн, ..."
Аватар (2009),8.045,"
2009","
$237 000 000","
+ $2 027 457 462 = $2 787 965 087  сборы","
$760 507 625","
Великобритания,  США",162 мин. / 02:42,"
$119 903 638","
  97.3 млн,      27.6 млн,      16.5 млн, ..."
"Знакомьтесь, Джо Блэк (1998)",8.045,"
1998","
$90 000 000","
+ $98 321 000 = $142 940 100 сборы","
$44 619 100","
США",178 мин. / 02:58,"
  9.5 млн,      1.29 млн,      1.07 млн, ...","

2 ноября 1998, ..."
Билли Эллиот (2000),8.043,"
2000","
$5 000 000","
+ $87 285 000 = $109 280 263 сборы","
$21 995 263","
Великобритания,  Франция",110 мин. / 01:50,"
  4.02 млн,      3.89 млн,      2.54 млн, ...","

19 мая 2000, ..."
Рапунцель: Запутанная история (2010),8.042,"
2010","
$260 000 000","
+ $390 973 000 = $591 794 936  сборы","
$200 821 936","
США",100 мин. / 01:40,"
$23 377 477","
  25.4 млн,      3.99 млн,      3.93 млн, ..."
Старший сын (1975),8.041,"
1975","

20 мая 1976, ...","


                        27 февраля 2009,
                        «Азимут»",,"
СССР",134 мин.,,
Вверх (2009),8.040,"
2009","
$175 000 000","
+ $438 337 692 = $731 341 856  сборы","
$293 004 164","
США",96 мин. / 01:36,"
$11 997 927","
  39.1 млн,      6.36 млн,      4.47 млн, ..."
Поющие под дождем (1952),8.038,"
1952","
$2 540 800","

27 марта 1952, ...","
$1 729 345  сборы","
США",103 мин. / 01:43,,
Мулан (1998),8.037,"
1998","
$90 000 000","
+ $183 700 000 = $304 320 254 сборы","
$120 620 254","
США",84 мин. / 01:24,"
  25.7 млн,      5.76 млн,      4.12 млн, ...","

5 июня 1998, ..."
"Аты-баты, шли солдаты... (1976)",8.036,"
1976","
  35.8 млн","

15 апреля 1977, ...","
  35.8 млн","
СССР",87 мин. / 01:27,,
Жизнь Пи (2012),8.034,"
2012","
$120 000 000","
+ $484 029 542 = $609 016 565  сборы","
$124 987 023","
США,  Тайвань,  Великобритания,  Канада",127 мин. / 02:07,"
$30 228 172","
  14.1 млн,      4.79 млн,      3.07 млн, ..."
Мандарины (2013),8.034,"
2013","
€650 000","
  33 тыс.","
$144 501  сборы","
Эстония,  Грузия",87 мин. / 01:27,"
  33 тыс.",
Гаттака (1997),8.032,"
1997","
$36 000 000","
  2.62 млн,      368.4 тыс.,      333.5 тыс., ...","
$12 339 633  сборы","
США",106 мин. / 01:46,"
  2.62 млн,      368.4 тыс.,      333.5 тыс., ...",
Русалочка (1989),8.032,"
1989","
$40 000 000","
+ $99 800 000 = $211 343 479 сборы","
$111 543 479","
США",83 мин. / 01:23,"
  26.5 млн,      4.7 млн,      3.75 млн, ...","

13 ноября 1989, ..."
Догвилль (2003),8.031,"
2003","
$10 000 000","
+ $14 708 967 = $16 244 253 сборы","
$1 535 286","
Дания,  Нидерланды,  Швеция,  Германия,  Великобритания,  Франция,  Финляндия,  Норвегия,  Италия",178 мин. / 02:58,"
                        $560 124","
  516.9 тыс.,      349 тыс.,      265.2 тыс., ..."
Крамер против Крамера (1979),8.030,"
1979","
$8 000 000","
  43 млн,      4.04 млн,      3.17 млн, ...","
$106 260 000 сборы","
США",105 мин. / 01:45,"
  43 млн,      4.04 млн,      3.17 млн, ...",
Реквием по мечте (2000),8.029,"
2000","
$4 500 000","
+ $3 754 626 = $7 390 108 сборы","
$3 635 482","
США",102 мин. / 01:42,"
  667.4 тыс.,      229.1 тыс.,      86.8 тыс., ...","

14 мая 2000, ..."
Леди и бродяга (1955),8.029,"
1955","
$4 000 000",$111 244 268,"
$93 602 326  сборы","
США",76 мин. / 01:16,"
  55.7 млн,      11.2 млн,      3 млн, ...","

16 июня 1955, ..."
История игрушек: Большой побег (2010),8.028,"
2010","
$200 000 000","
+ $648 157 063 = $1 063 161 943  сборы","
$415 004 880","
США",103 мин. / 01:43,"
$6 647 237","
  52.6 млн,      14.8 млн,      12.6 млн, ..."
Холодное лето пятьдесят третьего... (1987),8.028,"
1987","
  41.8 млн","

3 ноября 1988, ...","
  41.8 млн","
СССР",102 мин. / 01:42,,
Мужики!.. (1981),8.028,"
1981","
  38.4 млн","

18 января 1982, ...","
  38.4 млн","
СССР",97 мин. / 01:37,,
Профессионал (1981),8.027,"
1981","
                        € 500 000","
  5.24 млн","
  5.24 млн","
Франция",108 мин. / 01:48,"

21 октября 1981, ...","


                        16 декабря 2010,
                        «Neoclassica»"
Иваново детство (1962),8.027,"
1962","
  16.7 млн","

6 апреля 1962, ...","
  16.7 млн","
СССР",96 мин. / 01:36,,
Пираты Карибского моря: На краю Света (2007),8.025,"
2007","
$300 000 000","
+ $654 000 000 = $963 420 425  сборы","
$309 420 425","
США",169 мин. / 02:49,"
$30 850 884","
  45 млн,      8.4 млн,      8.05 млн, ..."
Секреты Лос-Анджелеса (1997),8.025,"
1997","
$35 000 000","
+ $61 600 000 = $126 216 940 сборы","
$64 616 940","
США",138 мин. / 02:18,"
  13.8 млн,      1.88 млн,      1.39 млн, ...","

14 мая 1997, ..."
"Девочка, покорившая время (2006)",8.024,"
2006","
  44.8 тыс.","

15 июля 2006, ...","
  44.8 тыс.","
Япония",98 мин. / 01:38,,
"Весна, лето, осень, зима... и снова весна (2003)",8.024,"
2003","
$2 380 788","
                        $145 000","
+ $7 143 957 = $9 524 745 сборы","
Корея Южная,  Германия",103 мин. / 01:43,"
  383.4 тыс.,      220.4 тыс.,      186.9 тыс., ...","

14 августа 2003, ..."
